{"intercept": [2.790511242749262, -4.2285284178537275, 1.4380171751044728], "coefficients": [[1.0635965719526945, -0.6030304023158323, -0.703693584422736, 0.18436270094573964, -0.09332629819042347, -0.18874351960083688, -0.5434768296797328, -0.01609433256909892, 0.031698251123085976, 0.20628001878488064, -0.035118190389838856, 0.4967004732133545, -0.06430370240281855, 0.7949458283183284, 0.17974638764731649, -0.638875846823786, 0.07853648293885815, -0.22294976919921747, -0.00994886058743815, 0.2470616004499048, -0.23384207618408034, -0.6142242430889235, -0.20697223136875592, 0.5928871709445718, -0.11581870425433438, -0.07751276621134601, -0.1173799556172268, 0.27833536939819903, -0.1859365235859325, 0.05710280124670029, 0.47339930810412123, 0.02435852972474587, -0.3249339306173943, -0.09365386789421616, 0.07163243912852837], [-3.376441974735919, -0.3700168169856908, 0.013526637242816405, -0.2797217588919826, -0.0008097107309225282, 0.0031231758678892624, -0.061057040988618534, 0.33404144657723334, -0.037777607923042675, -0.0655589038484235, 0.29685028743545167, -0.11174837359131928, -0.0752396724816392, -0.11128079693934069, -0.18961047294138186, 0.4140853865016579, -0.11098511730727549, 0.3742667904593835, 0.07463524901640216, 0.4078082290227435, -0.017958549897767993, 0.24502148006449034, -0.14976048889602833, -0.2035901243525128, -0.04064227132789321, -0.23882455386764465, 0.14962545918872652, -0.32761087078851525, -0.01976196332890558, -0.03741041690709539, -0.13725467347074582, -0.32118636636037495, 0.2425359135567045, -0.07488638304879912, 0.07698822447342485], [2.312845402783222, 0.9730472193015213, 0.6901669471799173, 0.09535905794624298, 0.09413600892134595, 0.18562034373294772, 0.6045338706683514, -0.3179471140081342, 0.0060793567999567035, -0.14072111493645698, -0.2617320970456129, -0.38495209962203514, 0.13954337488445742, -0.6836650313789874, 0.009864085294065381, 0.22479046032212818, 0.032448634368417245, -0.1513170212601656, -0.0646863884289645, -0.6548698294726482, 0.25180062608184817, 0.36920276302443333, 0.3567327202647843, -0.3892970465920593, 0.15646097558222774, 0.31633732007899035, -0.03224550357149962, 0.04927550139031601, 0.20569848691483814, -0.019692384339604827, -0.33614463463337524, 0.2968278366356287, 0.08239801706068961, 0.1685402509430156, -0.14862066360195303]]}