{
    "coef": [
        [
            -3.8220493563199394e-13,
            -2.008374803009661e-12,
            2.2320009962770555e-12,
            -3.8220493563199394e-13,
            2.236261932674038e-13,
            -3.8220493563199394e-13,
            2.236261932674038e-13,
            -1.6469369220159104e-06,
            1.2638324981954971e-06,
            -1.7402790804604598e-06,
            1.9754248182306765e-06,
            1.0240314831880288e-06,
            1.9432012634286918e-06,
            -4.3617114708637163e-07,
            5.691018703049444e-07,
            -6.556542495487853e-08,
            1.5877918031662417e-06,
            2.395489757438331e-13,
            2.1222948830752346e-13,
            -4.095169512680268e-12
        ],
        [
            -3.670970356885255e-14,
            3.186560861072581e-12,
            -1.409633064348937e-12,
            -3.670970356885255e-14,
            1.7769277967236318e-12,
            -3.670970356885255e-14,
            1.7769277967236318e-12,
            -3.430889648090445e-07,
            4.063582919293807e-06,
            2.447534280760278e-06,
            4.168910415824464e-06,
            -1.5051596358416319e-06,
            -5.059212925975064e-06,
            -1.242641162294915e-06,
            -7.758351322242249e-07,
            -7.221900359373092e-09,
            -6.168231590779288e-06,
            -4.275363608070245e-13,
            5.5916160272443525e-15,
            8.5384717967187e-12
        ],
        [
            4.1891465532750156e-13,
            -1.1781860496261596e-12,
            -8.223679193129172e-13,
            4.1891465532750156e-13,
            -2.000553968939072e-12,
            4.1891465532750156e-13,
            -2.000553968939072e-12,
            1.9900265010025143e-06,
            -5.327415106939608e-06,
            -7.072550266708539e-07,
            -6.144335062467607e-06,
            4.811286803291097e-07,
            3.1160119531842525e-06,
            1.678812376803086e-06,
            2.0673334577129474e-07,
            7.278733080413812e-08,
            4.580439872084257e-06,
            1.8798738644287085e-13,
            -2.1782106971455147e-13,
            -4.443302239138858e-12
        ]
    ],
    "intercept": [
        -1.586093254854891e-13,
        1.7405656176437207e-12,
        -1.5819562549789313e-12
    ],
    "classes": [
        "Bahaya",
        "Rugi",
        "Sehat"
    ],
    "feature_names": [
        "sector_bahan_bangunan",
        "sector_jasa",
        "sector_kuliner",
        "business_type_BadanUsaha",
        "business_type_UMKM",
        "tax_category_Badan",
        "tax_category_UMKM_05",
        "gross_income_month",
        "fixed_costs_month",
        "variable_costs_month",
        "debt_total",
        "assets_total",
        "equity_total",
        "cash_on_hand",
        "target_net_profit",
        "tax_paid_month",
        "monthly_cashflow",
        "profit_margin",
        "liquidity_ratio",
        "leverage_ratio"
    ],
    "scaler": {
        "mean": null,
        "std": null
    }
}